[
  {
    "name": "principal",
    "numberOfCombats": 2,
    "combats": [
      {
        "number": 1,
        "monsters": [
          {
            "quantity": 5,
            "monster": {
              "name": "Ent",
              "challenge": "Minion",
              "experience": 11,
              "hitPoints": 35,
              "initiative": -3,
              "damageDice": "d10",
              "damageType": "Physical"
            }
          }
        ]
      },
      {
        "number": 2,
        "monsters": [
          {
            "quantity": 7,
            "monster": {
              "name": "Easterling",
              "challenge": "Minion",
              "experience": 4,
              "hitPoints": 8,
              "initiative": 0,
              "damageDice": "d6",
              "damageType": "Physical"
            }
          }
        ]
      }
    ]
  },
  {
    "name": "aventuraperfect",
    "numberOfCombats": 2,
    "combats": [
      {
        "number": 1,
        "monsters": [
          {
            "quantity": 7,
            "monster": {
              "name": "Snuffler",
              "challenge": "Minion",
              "experience": 2,
              "hitPoints": 6,
              "initiative": 0,
              "damageDice": "d4",
              "damageType": "Physical"
            }
          }
        ]
      },
      {
        "number": 2,
        "monsters": [
          {
            "quantity": 3,
            "monster": {
              "name": "Half-orc",
              "challenge": "Minion",
              "experience": 4,
              "hitPoints": 8,
              "initiative": 0,
              "damageDice": "d6",
              "damageType": "Physical"
            }
          }
        ]
      }
    ]
  }
]