[
  {
    "name": "Daniela",
    "player": "daniela",
    "xp": 91,
    "body": 1,
    "mind": 0,
    "spirit": 0,
    "class": "Adventurer",
    "damageType": "Physical"
  },
  {
    "name": "Warrior",
    "player": "daniela",
    "xp": 446,
    "body": 0,
    "mind": 1,
    "spirit": 0,
    "class": "Warrior",
    "damageType": "Physical"
  },
  {
    "name": "Champion",
    "player": "daniela",
    "xp": 837,
    "body": 1,
    "mind": 2,
    "spirit": 1,
    "class": "Champion",
    "damageType": "Physical"
  }
]